run	status	exit_code	duration_seconds	accuracy	loss	macro_f1	macro_precision	macro_auc	run_json	evaluation_json	predictions	log	note
main__homogeneous__vanilla__fedavg__noise-0.01__seed-42	PASS	0	0	0.9625	0.24161938562756405	0.9636085848813208	0.9662177633046698	0.9921465928320606	/teamspace/studios/this_studio/results/runs/main__homogeneous__vanilla__fedavg__noise-0.01__seed-42.json	/teamspace/studios/this_studio/results/evaluations/main__homogeneous__vanilla__fedavg__noise-0.01__seed-42.evaluation.json	/teamspace/studios/this_studio/results/evaluations/main__homogeneous__vanilla__fedavg__noise-0.01__seed-42.predictions.npz	/teamspace/studios/this_studio/results/logs/main__homogeneous__vanilla__fedavg__noise-0.01__seed-42.log	validated-existing-detailed-artifacts
main__homogeneous__vanilla__fedavgm__noise-0.01__seed-42	PASS	0	117	0.9375	0.25200222432613373	0.9500111457668664	0.9505185416341604	0.9849552292772757	/teamspace/studios/this_studio/results/runs/main__homogeneous__vanilla__fedavgm__noise-0.01__seed-42.json	/teamspace/studios/this_studio/results/evaluations/main__homogeneous__vanilla__fedavgm__noise-0.01__seed-42.evaluation.json	/teamspace/studios/this_studio/results/evaluations/main__homogeneous__vanilla__fedavgm__noise-0.01__seed-42.predictions.npz	/teamspace/studios/this_studio/results/logs/main__homogeneous__vanilla__fedavgm__noise-0.01__seed-42.log	trained-evaluated-model-deleted
main__homogeneous__vanilla__fedmedian__noise-0.01__seed-42	PASS	0	122	0.953125	0.28748505623079834	0.9570103368750514	0.9585864472761016	0.9897814003867121	/teamspace/studios/this_studio/results/runs/main__homogeneous__vanilla__fedmedian__noise-0.01__seed-42.json	/teamspace/studios/this_studio/results/evaluations/main__homogeneous__vanilla__fedmedian__noise-0.01__seed-42.evaluation.json	/teamspace/studios/this_studio/results/evaluations/main__homogeneous__vanilla__fedmedian__noise-0.01__seed-42.predictions.npz	/teamspace/studios/this_studio/results/logs/main__homogeneous__vanilla__fedmedian__noise-0.01__seed-42.log	trained-evaluated-model-deleted
main__homogeneous__vanilla__fedprox__noise-0.01__seed-42	PASS	0	107	0.5390625	0.9209804713726044	0.2846194792116242	0.2649840334070253	0.7210923750569032	/teamspace/studios/this_studio/results/runs/main__homogeneous__vanilla__fedprox__noise-0.01__seed-42.json	/teamspace/studios/this_studio/results/evaluations/main__homogeneous__vanilla__fedprox__noise-0.01__seed-42.evaluation.json	/teamspace/studios/this_studio/results/evaluations/main__homogeneous__vanilla__fedprox__noise-0.01__seed-42.predictions.npz	/teamspace/studios/this_studio/results/logs/main__homogeneous__vanilla__fedprox__noise-0.01__seed-42.log	trained-evaluated-model-deleted
main__homogeneous__vanilla__fedopt__noise-0.01__seed-42	PASS	0	114	0.35	1.8055785089731216	0.18783258201064262	0.17430762009075262	0.5297235800371493	/teamspace/studios/this_studio/results/runs/main__homogeneous__vanilla__fedopt__noise-0.01__seed-42.json	/teamspace/studios/this_studio/results/evaluations/main__homogeneous__vanilla__fedopt__noise-0.01__seed-42.evaluation.json	/teamspace/studios/this_studio/results/evaluations/main__homogeneous__vanilla__fedopt__noise-0.01__seed-42.predictions.npz	/teamspace/studios/this_studio/results/logs/main__homogeneous__vanilla__fedopt__noise-0.01__seed-42.log	trained-evaluated-model-deleted
main__homogeneous__global-dp__fedavg__noise-0.01__seed-42	PASS	0	131	0.9390625	0.21700981259346008	0.9274761882520608	0.9467036821504587	0.9906313095956352	/teamspace/studios/this_studio/results/runs/main__homogeneous__global-dp__fedavg__noise-0.01__seed-42.json	/teamspace/studios/this_studio/results/evaluations/main__homogeneous__global-dp__fedavg__noise-0.01__seed-42.evaluation.json	/teamspace/studios/this_studio/results/evaluations/main__homogeneous__global-dp__fedavg__noise-0.01__seed-42.predictions.npz	/teamspace/studios/this_studio/results/logs/main__homogeneous__global-dp__fedavg__noise-0.01__seed-42.log	trained-evaluated-model-deleted
main__homogeneous__vanilla__fedyogi__noise-0.01__seed-42	PASS	0	143	0.9703125	0.5126541886010955	0.953677416699107	0.9453248467989034	0.9945992463488407	/teamspace/studios/this_studio/results/runs/main__homogeneous__vanilla__fedyogi__noise-0.01__seed-42.json	/teamspace/studios/this_studio/results/evaluations/main__homogeneous__vanilla__fedyogi__noise-0.01__seed-42.evaluation.json	/teamspace/studios/this_studio/results/evaluations/main__homogeneous__vanilla__fedyogi__noise-0.01__seed-42.predictions.npz	/teamspace/studios/this_studio/results/logs/main__homogeneous__vanilla__fedyogi__noise-0.01__seed-42.log	trained-evaluated-model-deleted
main__homogeneous__global-dp__fedavgm__noise-0.01__seed-42	PASS	0	125	0.7484375	0.5904871642589569	0.5351664723409768	0.5459055882875763	0.9186521668144757	/teamspace/studios/this_studio/results/runs/main__homogeneous__global-dp__fedavgm__noise-0.01__seed-42.json	/teamspace/studios/this_studio/results/evaluations/main__homogeneous__global-dp__fedavgm__noise-0.01__seed-42.evaluation.json	/teamspace/studios/this_studio/results/evaluations/main__homogeneous__global-dp__fedavgm__noise-0.01__seed-42.predictions.npz	/teamspace/studios/this_studio/results/logs/main__homogeneous__global-dp__fedavgm__noise-0.01__seed-42.log	trained-evaluated-model-deleted
main__homogeneous__global-dp__fedmedian__noise-0.01__seed-42	PASS	0	124	0.940625	0.2860842335037887	0.9282319127692105	0.9509968116239531	0.9849785733778815	/teamspace/studios/this_studio/results/runs/main__homogeneous__global-dp__fedmedian__noise-0.01__seed-42.json	/teamspace/studios/this_studio/results/evaluations/main__homogeneous__global-dp__fedmedian__noise-0.01__seed-42.evaluation.json	/teamspace/studios/this_studio/results/evaluations/main__homogeneous__global-dp__fedmedian__noise-0.01__seed-42.predictions.npz	/teamspace/studios/this_studio/results/logs/main__homogeneous__global-dp__fedmedian__noise-0.01__seed-42.log	trained-evaluated-model-deleted
main__homogeneous__global-dp__fedprox__noise-0.01__seed-42	PASS	0	144	0.5546875	0.9156841337680817	0.2953689576154475	0.27657641819034223	0.7364946950947027	/teamspace/studios/this_studio/results/runs/main__homogeneous__global-dp__fedprox__noise-0.01__seed-42.json	/teamspace/studios/this_studio/results/evaluations/main__homogeneous__global-dp__fedprox__noise-0.01__seed-42.evaluation.json	/teamspace/studios/this_studio/results/evaluations/main__homogeneous__global-dp__fedprox__noise-0.01__seed-42.predictions.npz	/teamspace/studios/this_studio/results/logs/main__homogeneous__global-dp__fedprox__noise-0.01__seed-42.log	trained-evaluated-model-deleted
main__homogeneous__global-dp__fedopt__noise-0.01__seed-42	PASS	0	157	0.4953125	44.07766399383545	0.16562173458725182	0.123828125	0.5	/teamspace/studios/this_studio/results/runs/main__homogeneous__global-dp__fedopt__noise-0.01__seed-42.json	/teamspace/studios/this_studio/results/evaluations/main__homogeneous__global-dp__fedopt__noise-0.01__seed-42.evaluation.json	/teamspace/studios/this_studio/results/evaluations/main__homogeneous__global-dp__fedopt__noise-0.01__seed-42.predictions.npz	/teamspace/studios/this_studio/results/logs/main__homogeneous__global-dp__fedopt__noise-0.01__seed-42.log	trained-evaluated-model-deleted
main__homogeneous__global-dp__fedyogi__noise-0.01__seed-42	PASS	0	112	0.9421875	0.7045598860830069	0.9112924348109115	0.9202233804482112	0.9828600237298025	/teamspace/studios/this_studio/results/runs/main__homogeneous__global-dp__fedyogi__noise-0.01__seed-42.json	/teamspace/studios/this_studio/results/evaluations/main__homogeneous__global-dp__fedyogi__noise-0.01__seed-42.evaluation.json	/teamspace/studios/this_studio/results/evaluations/main__homogeneous__global-dp__fedyogi__noise-0.01__seed-42.predictions.npz	/teamspace/studios/this_studio/results/logs/main__homogeneous__global-dp__fedyogi__noise-0.01__seed-42.log	trained-evaluated-model-deleted
main__homogeneous__metric-privacy__fedavg__noise-0.01__seed-42	PASS	0	111	0.9375	0.2972146149724722	0.9439519609299888	0.9499588274044796	0.9852097671985509	/teamspace/studios/this_studio/results/runs/main__homogeneous__metric-privacy__fedavg__noise-0.01__seed-42.json	/teamspace/studios/this_studio/results/evaluations/main__homogeneous__metric-privacy__fedavg__noise-0.01__seed-42.evaluation.json	/teamspace/studios/this_studio/results/evaluations/main__homogeneous__metric-privacy__fedavg__noise-0.01__seed-42.predictions.npz	/teamspace/studios/this_studio/results/logs/main__homogeneous__metric-privacy__fedavg__noise-0.01__seed-42.log	trained-evaluated-model-deleted
main__homogeneous__metric-privacy__fedavgm__noise-0.01__seed-42	PASS	0	145	0.7984375	0.5147020578384399	0.5824059668986916	0.5792344773874745	0.9414722059658178	/teamspace/studios/this_studio/results/runs/main__homogeneous__metric-privacy__fedavgm__noise-0.01__seed-42.json	/teamspace/studios/this_studio/results/evaluations/main__homogeneous__metric-privacy__fedavgm__noise-0.01__seed-42.evaluation.json	/teamspace/studios/this_studio/results/evaluations/main__homogeneous__metric-privacy__fedavgm__noise-0.01__seed-42.predictions.npz	/teamspace/studios/this_studio/results/logs/main__homogeneous__metric-privacy__fedavgm__noise-0.01__seed-42.log	trained-evaluated-model-deleted
main__homogeneous__metric-privacy__fedmedian__noise-0.01__seed-42	PASS	0	158	0.9390625	0.3087122214958072	0.9464252957464324	0.9505287782140204	0.9834966434705018	/teamspace/studios/this_studio/results/runs/main__homogeneous__metric-privacy__fedmedian__noise-0.01__seed-42.json	/teamspace/studios/this_studio/results/evaluations/main__homogeneous__metric-privacy__fedmedian__noise-0.01__seed-42.evaluation.json	/teamspace/studios/this_studio/results/evaluations/main__homogeneous__metric-privacy__fedmedian__noise-0.01__seed-42.predictions.npz	/teamspace/studios/this_studio/results/logs/main__homogeneous__metric-privacy__fedmedian__noise-0.01__seed-42.log	trained-evaluated-model-deleted
main__homogeneous__metric-privacy__fedopt__noise-0.01__seed-42	FAIL	1	85						/teamspace/studios/this_studio/results/runs/main__homogeneous__metric-privacy__fedopt__noise-0.01__seed-42.json	/teamspace/studios/this_studio/results/evaluations/main__homogeneous__metric-privacy__fedopt__noise-0.01__seed-42.evaluation.json	/teamspace/studios/this_studio/results/evaluations/main__homogeneous__metric-privacy__fedopt__noise-0.01__seed-42.predictions.npz	/teamspace/studios/this_studio/results/logs/main__homogeneous__metric-privacy__fedopt__noise-0.01__seed-42.log	training-failed
main__homogeneous__metric-privacy__fedprox__noise-0.01__seed-42	PASS	0	123	0.496875	1.1864126831293107	0.16795948124400006	0.37402190923317685	0.5155942186306421	/teamspace/studios/this_studio/results/runs/main__homogeneous__metric-privacy__fedprox__noise-0.01__seed-42.json	/teamspace/studios/this_studio/results/evaluations/main__homogeneous__metric-privacy__fedprox__noise-0.01__seed-42.evaluation.json	/teamspace/studios/this_studio/results/evaluations/main__homogeneous__metric-privacy__fedprox__noise-0.01__seed-42.predictions.npz	/teamspace/studios/this_studio/results/logs/main__homogeneous__metric-privacy__fedprox__noise-0.01__seed-42.log	trained-evaluated-model-deleted
main__homogeneous__metric-privacy__fedyogi__noise-0.01__seed-42	PASS	0	116	0.95625	0.42855026770048427	0.9619277108433735	0.9703137796887796	0.9891394576289261	/teamspace/studios/this_studio/results/runs/main__homogeneous__metric-privacy__fedyogi__noise-0.01__seed-42.json	/teamspace/studios/this_studio/results/evaluations/main__homogeneous__metric-privacy__fedyogi__noise-0.01__seed-42.evaluation.json	/teamspace/studios/this_studio/results/evaluations/main__homogeneous__metric-privacy__fedyogi__noise-0.01__seed-42.predictions.npz	/teamspace/studios/this_studio/results/logs/main__homogeneous__metric-privacy__fedyogi__noise-0.01__seed-42.log	trained-evaluated-model-deleted
main__homogeneous__vanilla__fedavg__noise-0.01__seed-43	PASS	0	113	0.9453125	0.3479290551156737	0.8934486755214844	0.8611847904389887	0.987118152626344	/teamspace/studios/this_studio/results/runs/main__homogeneous__vanilla__fedavg__noise-0.01__seed-43.json	/teamspace/studios/this_studio/results/evaluations/main__homogeneous__vanilla__fedavg__noise-0.01__seed-43.evaluation.json	/teamspace/studios/this_studio/results/evaluations/main__homogeneous__vanilla__fedavg__noise-0.01__seed-43.predictions.npz	/teamspace/studios/this_studio/results/logs/main__homogeneous__vanilla__fedavg__noise-0.01__seed-43.log	trained-evaluated-model-deleted
main__homogeneous__vanilla__fedavgm__noise-0.01__seed-43	PASS	0	112	0.9	0.30932481586933136	0.7366817463995899	0.914417118580271	0.9813108624742863	/teamspace/studios/this_studio/results/runs/main__homogeneous__vanilla__fedavgm__noise-0.01__seed-43.json	/teamspace/studios/this_studio/results/evaluations/main__homogeneous__vanilla__fedavgm__noise-0.01__seed-43.evaluation.json	/teamspace/studios/this_studio/results/evaluations/main__homogeneous__vanilla__fedavgm__noise-0.01__seed-43.predictions.npz	/teamspace/studios/this_studio/results/logs/main__homogeneous__vanilla__fedavgm__noise-0.01__seed-43.log	trained-evaluated-model-deleted
main__homogeneous__vanilla__fedmedian__noise-0.01__seed-43	PASS	0	112	0.9390625	0.3673592613195069	0.9390218725670849	0.9311321508334791	0.9852180859147174	/teamspace/studios/this_studio/results/runs/main__homogeneous__vanilla__fedmedian__noise-0.01__seed-43.json	/teamspace/studios/this_studio/results/evaluations/main__homogeneous__vanilla__fedmedian__noise-0.01__seed-43.evaluation.json	/teamspace/studios/this_studio/results/evaluations/main__homogeneous__vanilla__fedmedian__noise-0.01__seed-43.predictions.npz	/teamspace/studios/this_studio/results/logs/main__homogeneous__vanilla__fedmedian__noise-0.01__seed-43.log	trained-evaluated-model-deleted
main__homogeneous__vanilla__fedprox__noise-0.01__seed-43	PASS	0	111	0.5328125	0.9329842895269393	0.27832063162317355	0.2580666237786981	0.7285587463706453	/teamspace/studios/this_studio/results/runs/main__homogeneous__vanilla__fedprox__noise-0.01__seed-43.json	/teamspace/studios/this_studio/results/evaluations/main__homogeneous__vanilla__fedprox__noise-0.01__seed-43.evaluation.json	/teamspace/studios/this_studio/results/evaluations/main__homogeneous__vanilla__fedprox__noise-0.01__seed-43.predictions.npz	/teamspace/studios/this_studio/results/logs/main__homogeneous__vanilla__fedprox__noise-0.01__seed-43.log	trained-evaluated-model-deleted
main__homogeneous__vanilla__fedopt__noise-0.01__seed-43	PASS	0	114	0.4953125	44.07766399383545	0.16562173458725182	0.123828125	0.5	/teamspace/studios/this_studio/results/runs/main__homogeneous__vanilla__fedopt__noise-0.01__seed-43.json	/teamspace/studios/this_studio/results/evaluations/main__homogeneous__vanilla__fedopt__noise-0.01__seed-43.evaluation.json	/teamspace/studios/this_studio/results/evaluations/main__homogeneous__vanilla__fedopt__noise-0.01__seed-43.predictions.npz	/teamspace/studios/this_studio/results/logs/main__homogeneous__vanilla__fedopt__noise-0.01__seed-43.log	trained-evaluated-model-deleted
main__homogeneous__vanilla__fedyogi__noise-0.01__seed-43	PASS	0	159	0.9390625	0.6498394240130437	0.8913847066208522	0.876264449689532	0.9821898602828443	/teamspace/studios/this_studio/results/runs/main__homogeneous__vanilla__fedyogi__noise-0.01__seed-43.json	/teamspace/studios/this_studio/results/evaluations/main__homogeneous__vanilla__fedyogi__noise-0.01__seed-43.evaluation.json	/teamspace/studios/this_studio/results/evaluations/main__homogeneous__vanilla__fedyogi__noise-0.01__seed-43.predictions.npz	/teamspace/studios/this_studio/results/logs/main__homogeneous__vanilla__fedyogi__noise-0.01__seed-43.log	trained-evaluated-model-deleted
main__homogeneous__global-dp__fedavg__noise-0.01__seed-43	PASS	0	172	0.9328125	0.2808603560552001	0.9451017791448433	0.9448843411074205	0.9857342584502125	/teamspace/studios/this_studio/results/runs/main__homogeneous__global-dp__fedavg__noise-0.01__seed-43.json	/teamspace/studios/this_studio/results/evaluations/main__homogeneous__global-dp__fedavg__noise-0.01__seed-43.evaluation.json	/teamspace/studios/this_studio/results/evaluations/main__homogeneous__global-dp__fedavg__noise-0.01__seed-43.predictions.npz	/teamspace/studios/this_studio/results/logs/main__homogeneous__global-dp__fedavg__noise-0.01__seed-43.log	trained-evaluated-model-deleted
main__homogeneous__global-dp__fedavgm__noise-0.01__seed-43	PASS	0	116	0.7796875	0.5190937951207161	0.5801317335127121	0.5704082823810778	0.9399660798293329	/teamspace/studios/this_studio/results/runs/main__homogeneous__global-dp__fedavgm__noise-0.01__seed-43.json	/teamspace/studios/this_studio/results/evaluations/main__homogeneous__global-dp__fedavgm__noise-0.01__seed-43.evaluation.json	/teamspace/studios/this_studio/results/evaluations/main__homogeneous__global-dp__fedavgm__noise-0.01__seed-43.predictions.npz	/teamspace/studios/this_studio/results/logs/main__homogeneous__global-dp__fedavgm__noise-0.01__seed-43.log	trained-evaluated-model-deleted
main__homogeneous__global-dp__fedmedian__noise-0.01__seed-43	PASS	0	112	0.9390625	0.2893626518547535	0.9507422402159245	0.9508606668473841	0.983689699999476	/teamspace/studios/this_studio/results/runs/main__homogeneous__global-dp__fedmedian__noise-0.01__seed-43.json	/teamspace/studios/this_studio/results/evaluations/main__homogeneous__global-dp__fedmedian__noise-0.01__seed-43.evaluation.json	/teamspace/studios/this_studio/results/evaluations/main__homogeneous__global-dp__fedmedian__noise-0.01__seed-43.predictions.npz	/teamspace/studios/this_studio/results/logs/main__homogeneous__global-dp__fedmedian__noise-0.01__seed-43.log	trained-evaluated-model-deleted
main__homogeneous__global-dp__fedprox__noise-0.01__seed-43	PASS	0	124	0.5171875	0.9613679945468903	0.25778816199376947	0.2415843959961607	0.731525625211461	/teamspace/studios/this_studio/results/runs/main__homogeneous__global-dp__fedprox__noise-0.01__seed-43.json	/teamspace/studios/this_studio/results/evaluations/main__homogeneous__global-dp__fedprox__noise-0.01__seed-43.evaluation.json	/teamspace/studios/this_studio/results/evaluations/main__homogeneous__global-dp__fedprox__noise-0.01__seed-43.predictions.npz	/teamspace/studios/this_studio/results/logs/main__homogeneous__global-dp__fedprox__noise-0.01__seed-43.log	trained-evaluated-model-deleted
main__homogeneous__global-dp__fedopt__noise-0.01__seed-43	PASS	0	127	0.4953125	1.074872225522995	0.16562173458725182	0.123828125	0.5	/teamspace/studios/this_studio/results/runs/main__homogeneous__global-dp__fedopt__noise-0.01__seed-43.json	/teamspace/studios/this_studio/results/evaluations/main__homogeneous__global-dp__fedopt__noise-0.01__seed-43.evaluation.json	/teamspace/studios/this_studio/results/evaluations/main__homogeneous__global-dp__fedopt__noise-0.01__seed-43.predictions.npz	/teamspace/studios/this_studio/results/logs/main__homogeneous__global-dp__fedopt__noise-0.01__seed-43.log	trained-evaluated-model-deleted
main__homogeneous__global-dp__fedyogi__noise-0.01__seed-43	PASS	0	132	0.928125	0.5383869368350134	0.8993952147300253	0.9528591307304135	0.9846649156315737	/teamspace/studios/this_studio/results/runs/main__homogeneous__global-dp__fedyogi__noise-0.01__seed-43.json	/teamspace/studios/this_studio/results/evaluations/main__homogeneous__global-dp__fedyogi__noise-0.01__seed-43.evaluation.json	/teamspace/studios/this_studio/results/evaluations/main__homogeneous__global-dp__fedyogi__noise-0.01__seed-43.predictions.npz	/teamspace/studios/this_studio/results/logs/main__homogeneous__global-dp__fedyogi__noise-0.01__seed-43.log	trained-evaluated-model-deleted
main__homogeneous__metric-privacy__fedavg__noise-0.01__seed-43	PASS	0	116	0.94375	0.2650138320866972	0.9534979922925594	0.9538844482120221	0.9865409845915615	/teamspace/studios/this_studio/results/runs/main__homogeneous__metric-privacy__fedavg__noise-0.01__seed-43.json	/teamspace/studios/this_studio/results/evaluations/main__homogeneous__metric-privacy__fedavg__noise-0.01__seed-43.evaluation.json	/teamspace/studios/this_studio/results/evaluations/main__homogeneous__metric-privacy__fedavg__noise-0.01__seed-43.predictions.npz	/teamspace/studios/this_studio/results/logs/main__homogeneous__metric-privacy__fedavg__noise-0.01__seed-43.log	trained-evaluated-model-deleted
main__homogeneous__metric-privacy__fedavgm__noise-0.01__seed-43	PASS	0	120	0.784375	0.5171670600771904	0.5817669326189505	0.5823355557794078	0.9399844295842208	/teamspace/studios/this_studio/results/runs/main__homogeneous__metric-privacy__fedavgm__noise-0.01__seed-43.json	/teamspace/studios/this_studio/results/evaluations/main__homogeneous__metric-privacy__fedavgm__noise-0.01__seed-43.evaluation.json	/teamspace/studios/this_studio/results/evaluations/main__homogeneous__metric-privacy__fedavgm__noise-0.01__seed-43.predictions.npz	/teamspace/studios/this_studio/results/logs/main__homogeneous__metric-privacy__fedavgm__noise-0.01__seed-43.log	trained-evaluated-model-deleted
main__homogeneous__metric-privacy__fedmedian__noise-0.01__seed-43	PASS	0	126	0.934375	0.34676973591558635	0.9456899130982315	0.9474643658479981	0.9816659550832565	/teamspace/studios/this_studio/results/runs/main__homogeneous__metric-privacy__fedmedian__noise-0.01__seed-43.json	/teamspace/studios/this_studio/results/evaluations/main__homogeneous__metric-privacy__fedmedian__noise-0.01__seed-43.evaluation.json	/teamspace/studios/this_studio/results/evaluations/main__homogeneous__metric-privacy__fedmedian__noise-0.01__seed-43.predictions.npz	/teamspace/studios/this_studio/results/logs/main__homogeneous__metric-privacy__fedmedian__noise-0.01__seed-43.log	trained-evaluated-model-deleted
main__homogeneous__metric-privacy__fedopt__noise-0.01__seed-43	FAIL	1	62						/teamspace/studios/this_studio/results/runs/main__homogeneous__metric-privacy__fedopt__noise-0.01__seed-43.json	/teamspace/studios/this_studio/results/evaluations/main__homogeneous__metric-privacy__fedopt__noise-0.01__seed-43.evaluation.json	/teamspace/studios/this_studio/results/evaluations/main__homogeneous__metric-privacy__fedopt__noise-0.01__seed-43.predictions.npz	/teamspace/studios/this_studio/results/logs/main__homogeneous__metric-privacy__fedopt__noise-0.01__seed-43.log	training-failed
main__homogeneous__metric-privacy__fedprox__noise-0.01__seed-43	PASS	0	130	0.4953125	1.110812908411026	0.16562173458725182	0.123828125	0.5	/teamspace/studios/this_studio/results/runs/main__homogeneous__metric-privacy__fedprox__noise-0.01__seed-43.json	/teamspace/studios/this_studio/results/evaluations/main__homogeneous__metric-privacy__fedprox__noise-0.01__seed-43.evaluation.json	/teamspace/studios/this_studio/results/evaluations/main__homogeneous__metric-privacy__fedprox__noise-0.01__seed-43.predictions.npz	/teamspace/studios/this_studio/results/logs/main__homogeneous__metric-privacy__fedprox__noise-0.01__seed-43.log	trained-evaluated-model-deleted
main__homogeneous__metric-privacy__fedyogi__noise-0.01__seed-43	PASS	0	114	0.953125	0.5590623344294727	0.9288309302465054	0.9351370447663405	0.9856897119880952	/teamspace/studios/this_studio/results/runs/main__homogeneous__metric-privacy__fedyogi__noise-0.01__seed-43.json	/teamspace/studios/this_studio/results/evaluations/main__homogeneous__metric-privacy__fedyogi__noise-0.01__seed-43.evaluation.json	/teamspace/studios/this_studio/results/evaluations/main__homogeneous__metric-privacy__fedyogi__noise-0.01__seed-43.predictions.npz	/teamspace/studios/this_studio/results/logs/main__homogeneous__metric-privacy__fedyogi__noise-0.01__seed-43.log	trained-evaluated-model-deleted
main__homogeneous__vanilla__fedavg__noise-0.01__seed-44	PASS	0	103	0.94375	0.2903430766891688	0.8976032026030496	0.8752025380338795	0.9835187545338462	/teamspace/studios/this_studio/results/runs/main__homogeneous__vanilla__fedavg__noise-0.01__seed-44.json	/teamspace/studios/this_studio/results/evaluations/main__homogeneous__vanilla__fedavg__noise-0.01__seed-44.evaluation.json	/teamspace/studios/this_studio/results/evaluations/main__homogeneous__vanilla__fedavg__noise-0.01__seed-44.predictions.npz	/teamspace/studios/this_studio/results/logs/main__homogeneous__vanilla__fedavg__noise-0.01__seed-44.log	trained-evaluated-model-deleted
main__homogeneous__vanilla__fedavgm__noise-0.01__seed-44	PASS	0	114	0.9046875	0.28053097389638426	0.8597678330162406	0.9299030669439169	0.9829953997612124	/teamspace/studios/this_studio/results/runs/main__homogeneous__vanilla__fedavgm__noise-0.01__seed-44.json	/teamspace/studios/this_studio/results/evaluations/main__homogeneous__vanilla__fedavgm__noise-0.01__seed-44.evaluation.json	/teamspace/studios/this_studio/results/evaluations/main__homogeneous__vanilla__fedavgm__noise-0.01__seed-44.predictions.npz	/teamspace/studios/this_studio/results/logs/main__homogeneous__vanilla__fedavgm__noise-0.01__seed-44.log	trained-evaluated-model-deleted
main__homogeneous__vanilla__fedmedian__noise-0.01__seed-44	PASS	0	114	0.940625	0.2807249491102993	0.9295018222540457	0.9494451174021514	0.984511622952821	/teamspace/studios/this_studio/results/runs/main__homogeneous__vanilla__fedmedian__noise-0.01__seed-44.json	/teamspace/studios/this_studio/results/evaluations/main__homogeneous__vanilla__fedmedian__noise-0.01__seed-44.evaluation.json	/teamspace/studios/this_studio/results/evaluations/main__homogeneous__vanilla__fedmedian__noise-0.01__seed-44.predictions.npz	/teamspace/studios/this_studio/results/logs/main__homogeneous__vanilla__fedmedian__noise-0.01__seed-44.log	trained-evaluated-model-deleted
main__homogeneous__vanilla__fedprox__noise-0.01__seed-44	PASS	0	146	0.565625	0.9200050830841064	0.29912495675239303	0.27793103448275863	0.7259621209180553	/teamspace/studios/this_studio/results/runs/main__homogeneous__vanilla__fedprox__noise-0.01__seed-44.json	/teamspace/studios/this_studio/results/evaluations/main__homogeneous__vanilla__fedprox__noise-0.01__seed-44.evaluation.json	/teamspace/studios/this_studio/results/evaluations/main__homogeneous__vanilla__fedprox__noise-0.01__seed-44.predictions.npz	/teamspace/studios/this_studio/results/logs/main__homogeneous__vanilla__fedprox__noise-0.01__seed-44.log	trained-evaluated-model-deleted
main__homogeneous__vanilla__fedopt__noise-0.01__seed-44	PASS	0	149	0.4953125	1.0942577391862869	0.16562173458725182	0.123828125	0.5	/teamspace/studios/this_studio/results/runs/main__homogeneous__vanilla__fedopt__noise-0.01__seed-44.json	/teamspace/studios/this_studio/results/evaluations/main__homogeneous__vanilla__fedopt__noise-0.01__seed-44.evaluation.json	/teamspace/studios/this_studio/results/evaluations/main__homogeneous__vanilla__fedopt__noise-0.01__seed-44.predictions.npz	/teamspace/studios/this_studio/results/logs/main__homogeneous__vanilla__fedopt__noise-0.01__seed-44.log	trained-evaluated-model-deleted
main__homogeneous__vanilla__fedyogi__noise-0.01__seed-44	PASS	0	115	0.95	0.5113892940571532	0.9543537022830294	0.9588715457744699	0.9845520620996162	/teamspace/studios/this_studio/results/runs/main__homogeneous__vanilla__fedyogi__noise-0.01__seed-44.json	/teamspace/studios/this_studio/results/evaluations/main__homogeneous__vanilla__fedyogi__noise-0.01__seed-44.evaluation.json	/teamspace/studios/this_studio/results/evaluations/main__homogeneous__vanilla__fedyogi__noise-0.01__seed-44.predictions.npz	/teamspace/studios/this_studio/results/logs/main__homogeneous__vanilla__fedyogi__noise-0.01__seed-44.log	trained-evaluated-model-deleted
main__homogeneous__global-dp__fedavg__noise-0.01__seed-44	PASS	0	111	0.9296875	0.28266382496804	0.9042729453296426	0.9042847743964142	0.9835135070999061	/teamspace/studios/this_studio/results/runs/main__homogeneous__global-dp__fedavg__noise-0.01__seed-44.json	/teamspace/studios/this_studio/results/evaluations/main__homogeneous__global-dp__fedavg__noise-0.01__seed-44.evaluation.json	/teamspace/studios/this_studio/results/evaluations/main__homogeneous__global-dp__fedavg__noise-0.01__seed-44.predictions.npz	/teamspace/studios/this_studio/results/logs/main__homogeneous__global-dp__fedavg__noise-0.01__seed-44.log	trained-evaluated-model-deleted
main__homogeneous__global-dp__fedavgm__noise-0.01__seed-44	PASS	0	175	0.7859375	0.5550848200917244	0.576609729832659	0.5777788064524808	0.9352832545004761	/teamspace/studios/this_studio/results/runs/main__homogeneous__global-dp__fedavgm__noise-0.01__seed-44.json	/teamspace/studios/this_studio/results/evaluations/main__homogeneous__global-dp__fedavgm__noise-0.01__seed-44.evaluation.json	/teamspace/studios/this_studio/results/evaluations/main__homogeneous__global-dp__fedavgm__noise-0.01__seed-44.predictions.npz	/teamspace/studios/this_studio/results/logs/main__homogeneous__global-dp__fedavgm__noise-0.01__seed-44.log	trained-evaluated-model-deleted
main__homogeneous__global-dp__fedmedian__noise-0.01__seed-44	PASS	0	200	0.9390625	0.2730882553383708	0.9286644999880294	0.9517175919254698	0.9851696414699718	/teamspace/studios/this_studio/results/runs/main__homogeneous__global-dp__fedmedian__noise-0.01__seed-44.json	/teamspace/studios/this_studio/results/evaluations/main__homogeneous__global-dp__fedmedian__noise-0.01__seed-44.evaluation.json	/teamspace/studios/this_studio/results/evaluations/main__homogeneous__global-dp__fedmedian__noise-0.01__seed-44.predictions.npz	/teamspace/studios/this_studio/results/logs/main__homogeneous__global-dp__fedmedian__noise-0.01__seed-44.log	trained-evaluated-model-deleted
main__homogeneous__global-dp__fedprox__noise-0.01__seed-44	PASS	0	179	0.5515625	0.9358896434307098	0.28465415891639245	0.26488884678539854	0.724139017467669	/teamspace/studios/this_studio/results/runs/main__homogeneous__global-dp__fedprox__noise-0.01__seed-44.json	/teamspace/studios/this_studio/results/evaluations/main__homogeneous__global-dp__fedprox__noise-0.01__seed-44.evaluation.json	/teamspace/studios/this_studio/results/evaluations/main__homogeneous__global-dp__fedprox__noise-0.01__seed-44.predictions.npz	/teamspace/studios/this_studio/results/logs/main__homogeneous__global-dp__fedprox__noise-0.01__seed-44.log	trained-evaluated-model-deleted
main__homogeneous__global-dp__fedopt__noise-0.01__seed-44	PASS	0	138	0.4953125	1.0783747553825378	0.16562173458725182	0.123828125	0.5	/teamspace/studios/this_studio/results/runs/main__homogeneous__global-dp__fedopt__noise-0.01__seed-44.json	/teamspace/studios/this_studio/results/evaluations/main__homogeneous__global-dp__fedopt__noise-0.01__seed-44.evaluation.json	/teamspace/studios/this_studio/results/evaluations/main__homogeneous__global-dp__fedopt__noise-0.01__seed-44.predictions.npz	/teamspace/studios/this_studio/results/logs/main__homogeneous__global-dp__fedopt__noise-0.01__seed-44.log	trained-evaluated-model-deleted
main__homogeneous__global-dp__fedyogi__noise-0.01__seed-44	PASS	0	119	0.95625	0.5682760093710385	0.949106967176057	0.9414311253388357	0.988913937719753	/teamspace/studios/this_studio/results/runs/main__homogeneous__global-dp__fedyogi__noise-0.01__seed-44.json	/teamspace/studios/this_studio/results/evaluations/main__homogeneous__global-dp__fedyogi__noise-0.01__seed-44.evaluation.json	/teamspace/studios/this_studio/results/evaluations/main__homogeneous__global-dp__fedyogi__noise-0.01__seed-44.predictions.npz	/teamspace/studios/this_studio/results/logs/main__homogeneous__global-dp__fedyogi__noise-0.01__seed-44.log	trained-evaluated-model-deleted
main__homogeneous__metric-privacy__fedavg__noise-0.01__seed-44	PASS	0	112	0.9484375	0.24615219361148774	0.9353483156216404	0.9572019895918497	0.9884892110101617	/teamspace/studios/this_studio/results/runs/main__homogeneous__metric-privacy__fedavg__noise-0.01__seed-44.json	/teamspace/studios/this_studio/results/evaluations/main__homogeneous__metric-privacy__fedavg__noise-0.01__seed-44.evaluation.json	/teamspace/studios/this_studio/results/evaluations/main__homogeneous__metric-privacy__fedavg__noise-0.01__seed-44.predictions.npz	/teamspace/studios/this_studio/results/logs/main__homogeneous__metric-privacy__fedavg__noise-0.01__seed-44.log	trained-evaluated-model-deleted
main__homogeneous__metric-privacy__fedavgm__noise-0.01__seed-44	PASS	0	116	0.8109375	0.46679697930812836	0.7774944880908672	0.8527453378446697	0.9510623224793374	/teamspace/studios/this_studio/results/runs/main__homogeneous__metric-privacy__fedavgm__noise-0.01__seed-44.json	/teamspace/studios/this_studio/results/evaluations/main__homogeneous__metric-privacy__fedavgm__noise-0.01__seed-44.evaluation.json	/teamspace/studios/this_studio/results/evaluations/main__homogeneous__metric-privacy__fedavgm__noise-0.01__seed-44.predictions.npz	/teamspace/studios/this_studio/results/logs/main__homogeneous__metric-privacy__fedavgm__noise-0.01__seed-44.log	trained-evaluated-model-deleted
main__homogeneous__metric-privacy__fedmedian__noise-0.01__seed-44	PASS	0	118	0.9484375	0.30036664148792624	0.9533605253263379	0.9611470675991056	0.9828733820094622	/teamspace/studios/this_studio/results/runs/main__homogeneous__metric-privacy__fedmedian__noise-0.01__seed-44.json	/teamspace/studios/this_studio/results/evaluations/main__homogeneous__metric-privacy__fedmedian__noise-0.01__seed-44.evaluation.json	/teamspace/studios/this_studio/results/evaluations/main__homogeneous__metric-privacy__fedmedian__noise-0.01__seed-44.predictions.npz	/teamspace/studios/this_studio/results/logs/main__homogeneous__metric-privacy__fedmedian__noise-0.01__seed-44.log	trained-evaluated-model-deleted
main__homogeneous__metric-privacy__fedopt__noise-0.01__seed-44	FAIL	1	85						/teamspace/studios/this_studio/results/runs/main__homogeneous__metric-privacy__fedopt__noise-0.01__seed-44.json	/teamspace/studios/this_studio/results/evaluations/main__homogeneous__metric-privacy__fedopt__noise-0.01__seed-44.evaluation.json	/teamspace/studios/this_studio/results/evaluations/main__homogeneous__metric-privacy__fedopt__noise-0.01__seed-44.predictions.npz	/teamspace/studios/this_studio/results/logs/main__homogeneous__metric-privacy__fedopt__noise-0.01__seed-44.log	training-failed
main__homogeneous__metric-privacy__fedprox__noise-0.01__seed-44	PASS	0	122	0.4953125	1.045798110961914	0.16562173458725182	0.123828125	0.5	/teamspace/studios/this_studio/results/runs/main__homogeneous__metric-privacy__fedprox__noise-0.01__seed-44.json	/teamspace/studios/this_studio/results/evaluations/main__homogeneous__metric-privacy__fedprox__noise-0.01__seed-44.evaluation.json	/teamspace/studios/this_studio/results/evaluations/main__homogeneous__metric-privacy__fedprox__noise-0.01__seed-44.predictions.npz	/teamspace/studios/this_studio/results/logs/main__homogeneous__metric-privacy__fedprox__noise-0.01__seed-44.log	trained-evaluated-model-deleted
main__homogeneous__metric-privacy__fedyogi__noise-0.01__seed-44	PASS	0	117	0.95	0.6774825996631989	0.9574677310153537	0.9610172400202321	0.984179824787563	/teamspace/studios/this_studio/results/runs/main__homogeneous__metric-privacy__fedyogi__noise-0.01__seed-44.json	/teamspace/studios/this_studio/results/evaluations/main__homogeneous__metric-privacy__fedyogi__noise-0.01__seed-44.evaluation.json	/teamspace/studios/this_studio/results/evaluations/main__homogeneous__metric-privacy__fedyogi__noise-0.01__seed-44.predictions.npz	/teamspace/studios/this_studio/results/logs/main__homogeneous__metric-privacy__fedyogi__noise-0.01__seed-44.log	trained-evaluated-model-deleted
main__homogeneous__vanilla__fedavg__noise-0.01__seed-45	PASS	0	107	0.9671875	0.2290803642710671	0.9682647471549887	0.9788349754652707	0.9909515230743773	/teamspace/studios/this_studio/results/runs/main__homogeneous__vanilla__fedavg__noise-0.01__seed-45.json	/teamspace/studios/this_studio/results/evaluations/main__homogeneous__vanilla__fedavg__noise-0.01__seed-45.evaluation.json	/teamspace/studios/this_studio/results/evaluations/main__homogeneous__vanilla__fedavg__noise-0.01__seed-45.predictions.npz	/teamspace/studios/this_studio/results/logs/main__homogeneous__vanilla__fedavg__noise-0.01__seed-45.log	trained-evaluated-model-deleted
main__homogeneous__vanilla__fedavgm__noise-0.01__seed-45	PASS	0	114	0.9328125	0.20484806299209596	0.879215346918561	0.9487179487179487	0.9896757573831612	/teamspace/studios/this_studio/results/runs/main__homogeneous__vanilla__fedavgm__noise-0.01__seed-45.json	/teamspace/studios/this_studio/results/evaluations/main__homogeneous__vanilla__fedavgm__noise-0.01__seed-45.evaluation.json	/teamspace/studios/this_studio/results/evaluations/main__homogeneous__vanilla__fedavgm__noise-0.01__seed-45.predictions.npz	/teamspace/studios/this_studio/results/logs/main__homogeneous__vanilla__fedavgm__noise-0.01__seed-45.log	trained-evaluated-model-deleted
main__homogeneous__vanilla__fedmedian__noise-0.01__seed-45	PASS	0	116	0.95625	0.18494550725445152	0.94241333674511	0.9392091539512895	0.9915026242138091	/teamspace/studios/this_studio/results/runs/main__homogeneous__vanilla__fedmedian__noise-0.01__seed-45.json	/teamspace/studios/this_studio/results/evaluations/main__homogeneous__vanilla__fedmedian__noise-0.01__seed-45.evaluation.json	/teamspace/studios/this_studio/results/evaluations/main__homogeneous__vanilla__fedmedian__noise-0.01__seed-45.predictions.npz	/teamspace/studios/this_studio/results/logs/main__homogeneous__vanilla__fedmedian__noise-0.01__seed-45.log	trained-evaluated-model-deleted
main__homogeneous__vanilla__fedprox__noise-0.01__seed-45	PASS	0	164	0.553125	0.9421893626451492	0.284686352417073	0.26611060821587135	0.7132480183964907	/teamspace/studios/this_studio/results/runs/main__homogeneous__vanilla__fedprox__noise-0.01__seed-45.json	/teamspace/studios/this_studio/results/evaluations/main__homogeneous__vanilla__fedprox__noise-0.01__seed-45.evaluation.json	/teamspace/studios/this_studio/results/evaluations/main__homogeneous__vanilla__fedprox__noise-0.01__seed-45.predictions.npz	/teamspace/studios/this_studio/results/logs/main__homogeneous__vanilla__fedprox__noise-0.01__seed-45.log	trained-evaluated-model-deleted
main__homogeneous__vanilla__fedopt__noise-0.01__seed-45	PASS	0	155	0.35625	1.1292460322380067	0.13133640552995393	0.08934169278996865	0.4989852579158584	/teamspace/studios/this_studio/results/runs/main__homogeneous__vanilla__fedopt__noise-0.01__seed-45.json	/teamspace/studios/this_studio/results/evaluations/main__homogeneous__vanilla__fedopt__noise-0.01__seed-45.evaluation.json	/teamspace/studios/this_studio/results/evaluations/main__homogeneous__vanilla__fedopt__noise-0.01__seed-45.predictions.npz	/teamspace/studios/this_studio/results/logs/main__homogeneous__vanilla__fedopt__noise-0.01__seed-45.log	trained-evaluated-model-deleted
main__homogeneous__global-dp__fedavg__noise-0.01__seed-45	PASS	0	113	0.953125	0.21854854365810752	0.9390450920127937	0.9672115465715974	0.9862274724873175	/teamspace/studios/this_studio/results/runs/main__homogeneous__global-dp__fedavg__noise-0.01__seed-45.json	/teamspace/studios/this_studio/results/evaluations/main__homogeneous__global-dp__fedavg__noise-0.01__seed-45.evaluation.json	/teamspace/studios/this_studio/results/evaluations/main__homogeneous__global-dp__fedavg__noise-0.01__seed-45.predictions.npz	/teamspace/studios/this_studio/results/logs/main__homogeneous__global-dp__fedavg__noise-0.01__seed-45.log	trained-evaluated-model-deleted
main__homogeneous__vanilla__fedyogi__noise-0.01__seed-45	PASS	0	115	0.93125	0.37893257648684087	0.7848336869791381	0.7826458400064061	0.9801326950468475	/teamspace/studios/this_studio/results/runs/main__homogeneous__vanilla__fedyogi__noise-0.01__seed-45.json	/teamspace/studios/this_studio/results/evaluations/main__homogeneous__vanilla__fedyogi__noise-0.01__seed-45.evaluation.json	/teamspace/studios/this_studio/results/evaluations/main__homogeneous__vanilla__fedyogi__noise-0.01__seed-45.predictions.npz	/teamspace/studios/this_studio/results/logs/main__homogeneous__vanilla__fedyogi__noise-0.01__seed-45.log	trained-evaluated-model-deleted
main__homogeneous__global-dp__fedavgm__noise-0.01__seed-45	PASS	0	167	0.7546875	0.5997085988521575	0.5521925197497409	0.551916040750692	0.9107716361282792	/teamspace/studios/this_studio/results/runs/main__homogeneous__global-dp__fedavgm__noise-0.01__seed-45.json	/teamspace/studios/this_studio/results/evaluations/main__homogeneous__global-dp__fedavgm__noise-0.01__seed-45.evaluation.json	/teamspace/studios/this_studio/results/evaluations/main__homogeneous__global-dp__fedavgm__noise-0.01__seed-45.predictions.npz	/teamspace/studios/this_studio/results/logs/main__homogeneous__global-dp__fedavgm__noise-0.01__seed-45.log	trained-evaluated-model-deleted
main__homogeneous__global-dp__fedmedian__noise-0.01__seed-45	PASS	0	168	0.95	0.20098871616646646	0.9326866003369942	0.9503801024235041	0.9884003629889329	/teamspace/studios/this_studio/results/runs/main__homogeneous__global-dp__fedmedian__noise-0.01__seed-45.json	/teamspace/studios/this_studio/results/evaluations/main__homogeneous__global-dp__fedmedian__noise-0.01__seed-45.evaluation.json	/teamspace/studios/this_studio/results/evaluations/main__homogeneous__global-dp__fedmedian__noise-0.01__seed-45.predictions.npz	/teamspace/studios/this_studio/results/logs/main__homogeneous__global-dp__fedmedian__noise-0.01__seed-45.log	trained-evaluated-model-deleted
main__homogeneous__global-dp__fedprox__noise-0.01__seed-45	PASS	0	123	0.559375	0.9156336605548858	0.2979676147693153	0.27873588567395907	0.7440416476813848	/teamspace/studios/this_studio/results/runs/main__homogeneous__global-dp__fedprox__noise-0.01__seed-45.json	/teamspace/studios/this_studio/results/evaluations/main__homogeneous__global-dp__fedprox__noise-0.01__seed-45.evaluation.json	/teamspace/studios/this_studio/results/evaluations/main__homogeneous__global-dp__fedprox__noise-0.01__seed-45.predictions.npz	/teamspace/studios/this_studio/results/logs/main__homogeneous__global-dp__fedprox__noise-0.01__seed-45.log	trained-evaluated-model-deleted
main__homogeneous__global-dp__fedopt__noise-0.01__seed-45	PASS	0	125	0.4953125	3.0007270693778993	0.16562173458725182	0.123828125	0.4812011408110002	/teamspace/studios/this_studio/results/runs/main__homogeneous__global-dp__fedopt__noise-0.01__seed-45.json	/teamspace/studios/this_studio/results/evaluations/main__homogeneous__global-dp__fedopt__noise-0.01__seed-45.evaluation.json	/teamspace/studios/this_studio/results/evaluations/main__homogeneous__global-dp__fedopt__noise-0.01__seed-45.predictions.npz	/teamspace/studios/this_studio/results/logs/main__homogeneous__global-dp__fedopt__noise-0.01__seed-45.log	trained-evaluated-model-deleted
main__homogeneous__metric-privacy__fedavg__noise-0.01__seed-45	PASS	0	116	0.9375	0.2401110448408872	0.9025455038092116	0.9492177711726602	0.9857810693016476	/teamspace/studios/this_studio/results/runs/main__homogeneous__metric-privacy__fedavg__noise-0.01__seed-45.json	/teamspace/studios/this_studio/results/evaluations/main__homogeneous__metric-privacy__fedavg__noise-0.01__seed-45.evaluation.json	/teamspace/studios/this_studio/results/evaluations/main__homogeneous__metric-privacy__fedavg__noise-0.01__seed-45.predictions.npz	/teamspace/studios/this_studio/results/logs/main__homogeneous__metric-privacy__fedavg__noise-0.01__seed-45.log	trained-evaluated-model-deleted
main__homogeneous__global-dp__fedyogi__noise-0.01__seed-45	PASS	0	122	0.9515625	0.45440164507599545	0.9105096353098924	0.9591891072233347	0.9876871849665094	/teamspace/studios/this_studio/results/runs/main__homogeneous__global-dp__fedyogi__noise-0.01__seed-45.json	/teamspace/studios/this_studio/results/evaluations/main__homogeneous__global-dp__fedyogi__noise-0.01__seed-45.evaluation.json	/teamspace/studios/this_studio/results/evaluations/main__homogeneous__global-dp__fedyogi__noise-0.01__seed-45.predictions.npz	/teamspace/studios/this_studio/results/logs/main__homogeneous__global-dp__fedyogi__noise-0.01__seed-45.log	trained-evaluated-model-deleted
main__homogeneous__metric-privacy__fedavgm__noise-0.01__seed-45	PASS	0	121	0.7609375	0.6060294821858406	0.5492344175893347	0.5608071326821327	0.9149414828070497	/teamspace/studios/this_studio/results/runs/main__homogeneous__metric-privacy__fedavgm__noise-0.01__seed-45.json	/teamspace/studios/this_studio/results/evaluations/main__homogeneous__metric-privacy__fedavgm__noise-0.01__seed-45.evaluation.json	/teamspace/studios/this_studio/results/evaluations/main__homogeneous__metric-privacy__fedavgm__noise-0.01__seed-45.predictions.npz	/teamspace/studios/this_studio/results/logs/main__homogeneous__metric-privacy__fedavgm__noise-0.01__seed-45.log	trained-evaluated-model-deleted
main__homogeneous__metric-privacy__fedmedian__noise-0.01__seed-45	PASS	0	126	0.946875	0.23056566137820483	0.9341809622967834	0.9618103289082217	0.9870318331644929	/teamspace/studios/this_studio/results/runs/main__homogeneous__metric-privacy__fedmedian__noise-0.01__seed-45.json	/teamspace/studios/this_studio/results/evaluations/main__homogeneous__metric-privacy__fedmedian__noise-0.01__seed-45.evaluation.json	/teamspace/studios/this_studio/results/evaluations/main__homogeneous__metric-privacy__fedmedian__noise-0.01__seed-45.predictions.npz	/teamspace/studios/this_studio/results/logs/main__homogeneous__metric-privacy__fedmedian__noise-0.01__seed-45.log	trained-evaluated-model-deleted
main__homogeneous__metric-privacy__fedopt__noise-0.01__seed-45	FAIL	1	101						/teamspace/studios/this_studio/results/runs/main__homogeneous__metric-privacy__fedopt__noise-0.01__seed-45.json	/teamspace/studios/this_studio/results/evaluations/main__homogeneous__metric-privacy__fedopt__noise-0.01__seed-45.evaluation.json	/teamspace/studios/this_studio/results/evaluations/main__homogeneous__metric-privacy__fedopt__noise-0.01__seed-45.predictions.npz	/teamspace/studios/this_studio/results/logs/main__homogeneous__metric-privacy__fedopt__noise-0.01__seed-45.log	training-failed
main__homogeneous__metric-privacy__fedprox__noise-0.01__seed-45	PASS	0	118	0.4953125	44.07766399383545	0.16562173458725182	0.123828125	0.5	/teamspace/studios/this_studio/results/runs/main__homogeneous__metric-privacy__fedprox__noise-0.01__seed-45.json	/teamspace/studios/this_studio/results/evaluations/main__homogeneous__metric-privacy__fedprox__noise-0.01__seed-45.evaluation.json	/teamspace/studios/this_studio/results/evaluations/main__homogeneous__metric-privacy__fedprox__noise-0.01__seed-45.predictions.npz	/teamspace/studios/this_studio/results/logs/main__homogeneous__metric-privacy__fedprox__noise-0.01__seed-45.log	trained-evaluated-model-deleted
main__homogeneous__vanilla__fedavg__noise-0.01__seed-46	PASS	0	133	0.9703125	0.21563956227619202	0.9738960954987853	0.9814109078590786	0.9890877309208963	/teamspace/studios/this_studio/results/runs/main__homogeneous__vanilla__fedavg__noise-0.01__seed-46.json	/teamspace/studios/this_studio/results/evaluations/main__homogeneous__vanilla__fedavg__noise-0.01__seed-46.evaluation.json	/teamspace/studios/this_studio/results/evaluations/main__homogeneous__vanilla__fedavg__noise-0.01__seed-46.predictions.npz	/teamspace/studios/this_studio/results/logs/main__homogeneous__vanilla__fedavg__noise-0.01__seed-46.log	trained-evaluated-model-deleted
main__homogeneous__metric-privacy__fedyogi__noise-0.01__seed-45	PASS	0	145	0.9640625	0.4942406371589641	0.9622558389460981	0.9739168158051724	0.989963961996456	/teamspace/studios/this_studio/results/runs/main__homogeneous__metric-privacy__fedyogi__noise-0.01__seed-45.json	/teamspace/studios/this_studio/results/evaluations/main__homogeneous__metric-privacy__fedyogi__noise-0.01__seed-45.evaluation.json	/teamspace/studios/this_studio/results/evaluations/main__homogeneous__metric-privacy__fedyogi__noise-0.01__seed-45.predictions.npz	/teamspace/studios/this_studio/results/logs/main__homogeneous__metric-privacy__fedyogi__noise-0.01__seed-45.log	trained-evaluated-model-deleted
main__homogeneous__vanilla__fedavgm__noise-0.01__seed-46	PASS	0	111	0.921875	0.2100719753652811	0.8913899251709125	0.9408794049269924	0.9915123857114828	/teamspace/studios/this_studio/results/runs/main__homogeneous__vanilla__fedavgm__noise-0.01__seed-46.json	/teamspace/studios/this_studio/results/evaluations/main__homogeneous__vanilla__fedavgm__noise-0.01__seed-46.evaluation.json	/teamspace/studios/this_studio/results/evaluations/main__homogeneous__vanilla__fedavgm__noise-0.01__seed-46.predictions.npz	/teamspace/studios/this_studio/results/logs/main__homogeneous__vanilla__fedavgm__noise-0.01__seed-46.log	trained-evaluated-model-deleted
main__homogeneous__vanilla__fedmedian__noise-0.01__seed-46	PASS	0	113	0.9453125	0.2692230808548629	0.9561343051655674	0.9560308972073678	0.9863159397505121	/teamspace/studios/this_studio/results/runs/main__homogeneous__vanilla__fedmedian__noise-0.01__seed-46.json	/teamspace/studios/this_studio/results/evaluations/main__homogeneous__vanilla__fedmedian__noise-0.01__seed-46.evaluation.json	/teamspace/studios/this_studio/results/evaluations/main__homogeneous__vanilla__fedmedian__noise-0.01__seed-46.predictions.npz	/teamspace/studios/this_studio/results/logs/main__homogeneous__vanilla__fedmedian__noise-0.01__seed-46.log	trained-evaluated-model-deleted
main__homogeneous__vanilla__fedprox__noise-0.01__seed-46	PASS	0	158	0.5609375	0.911056300997734	0.2990644995429616	0.27991473860007227	0.7310613409463538	/teamspace/studios/this_studio/results/runs/main__homogeneous__vanilla__fedprox__noise-0.01__seed-46.json	/teamspace/studios/this_studio/results/evaluations/main__homogeneous__vanilla__fedprox__noise-0.01__seed-46.evaluation.json	/teamspace/studios/this_studio/results/evaluations/main__homogeneous__vanilla__fedprox__noise-0.01__seed-46.predictions.npz	/teamspace/studios/this_studio/results/logs/main__homogeneous__vanilla__fedprox__noise-0.01__seed-46.log	trained-evaluated-model-deleted
main__homogeneous__vanilla__fedopt__noise-0.01__seed-46	PASS	0	158	0.359375	55.94997577667236	0.13218390804597702	0.08984375	0.5	/teamspace/studios/this_studio/results/runs/main__homogeneous__vanilla__fedopt__noise-0.01__seed-46.json	/teamspace/studios/this_studio/results/evaluations/main__homogeneous__vanilla__fedopt__noise-0.01__seed-46.evaluation.json	/teamspace/studios/this_studio/results/evaluations/main__homogeneous__vanilla__fedopt__noise-0.01__seed-46.predictions.npz	/teamspace/studios/this_studio/results/logs/main__homogeneous__vanilla__fedopt__noise-0.01__seed-46.log	trained-evaluated-model-deleted
main__homogeneous__vanilla__fedyogi__noise-0.01__seed-46	PASS	0	108	0.9640625	0.44328874049824735	0.9691078446950222	0.9735480297332426	0.9914124491827763	/teamspace/studios/this_studio/results/runs/main__homogeneous__vanilla__fedyogi__noise-0.01__seed-46.json	/teamspace/studios/this_studio/results/evaluations/main__homogeneous__vanilla__fedyogi__noise-0.01__seed-46.evaluation.json	/teamspace/studios/this_studio/results/evaluations/main__homogeneous__vanilla__fedyogi__noise-0.01__seed-46.predictions.npz	/teamspace/studios/this_studio/results/logs/main__homogeneous__vanilla__fedyogi__noise-0.01__seed-46.log	trained-evaluated-model-deleted
main__homogeneous__global-dp__fedavg__noise-0.01__seed-46	PASS	0	107	0.95625	0.19536505034193397	0.9630639604161599	0.9704437669376694	0.9887037146451221	/teamspace/studios/this_studio/results/runs/main__homogeneous__global-dp__fedavg__noise-0.01__seed-46.json	/teamspace/studios/this_studio/results/evaluations/main__homogeneous__global-dp__fedavg__noise-0.01__seed-46.evaluation.json	/teamspace/studios/this_studio/results/evaluations/main__homogeneous__global-dp__fedavg__noise-0.01__seed-46.predictions.npz	/teamspace/studios/this_studio/results/logs/main__homogeneous__global-dp__fedavg__noise-0.01__seed-46.log	trained-evaluated-model-deleted
main__homogeneous__global-dp__fedavgm__noise-0.01__seed-46	PASS	0	121	0.8171875	0.4698443114757538	0.773108625098335	0.8591047610904827	0.9545732479356197	/teamspace/studios/this_studio/results/runs/main__homogeneous__global-dp__fedavgm__noise-0.01__seed-46.json	/teamspace/studios/this_studio/results/evaluations/main__homogeneous__global-dp__fedavgm__noise-0.01__seed-46.evaluation.json	/teamspace/studios/this_studio/results/evaluations/main__homogeneous__global-dp__fedavgm__noise-0.01__seed-46.predictions.npz	/teamspace/studios/this_studio/results/logs/main__homogeneous__global-dp__fedavgm__noise-0.01__seed-46.log	trained-evaluated-model-deleted
main__homogeneous__global-dp__fedmedian__noise-0.01__seed-46	PASS	0	119	0.95	0.22517937971279026	0.9594204471244278	0.965061858076564	0.9867421072817529	/teamspace/studios/this_studio/results/runs/main__homogeneous__global-dp__fedmedian__noise-0.01__seed-46.json	/teamspace/studios/this_studio/results/evaluations/main__homogeneous__global-dp__fedmedian__noise-0.01__seed-46.evaluation.json	/teamspace/studios/this_studio/results/evaluations/main__homogeneous__global-dp__fedmedian__noise-0.01__seed-46.predictions.npz	/teamspace/studios/this_studio/results/logs/main__homogeneous__global-dp__fedmedian__noise-0.01__seed-46.log	trained-evaluated-model-deleted
main__homogeneous__global-dp__fedopt__noise-0.01__seed-46	PASS	0	131	0.4953125	44.07766399383545	0.16562173458725182	0.123828125	0.5	/teamspace/studios/this_studio/results/runs/main__homogeneous__global-dp__fedopt__noise-0.01__seed-46.json	/teamspace/studios/this_studio/results/evaluations/main__homogeneous__global-dp__fedopt__noise-0.01__seed-46.evaluation.json	/teamspace/studios/this_studio/results/evaluations/main__homogeneous__global-dp__fedopt__noise-0.01__seed-46.predictions.npz	/teamspace/studios/this_studio/results/logs/main__homogeneous__global-dp__fedopt__noise-0.01__seed-46.log	trained-evaluated-model-deleted
main__homogeneous__global-dp__fedprox__noise-0.01__seed-46	PASS	0	136	0.5609375	0.8950436502695084	0.3088204950690818	0.5284872974673589	0.751314242404335	/teamspace/studios/this_studio/results/runs/main__homogeneous__global-dp__fedprox__noise-0.01__seed-46.json	/teamspace/studios/this_studio/results/evaluations/main__homogeneous__global-dp__fedprox__noise-0.01__seed-46.evaluation.json	/teamspace/studios/this_studio/results/evaluations/main__homogeneous__global-dp__fedprox__noise-0.01__seed-46.predictions.npz	/teamspace/studios/this_studio/results/logs/main__homogeneous__global-dp__fedprox__noise-0.01__seed-46.log	trained-evaluated-model-deleted
main__homogeneous__metric-privacy__fedavg__noise-0.01__seed-46	PASS	0	114	0.959375	0.18320362945087254	0.9683273043614015	0.9761770737002935	0.9887387413559358	/teamspace/studios/this_studio/results/runs/main__homogeneous__metric-privacy__fedavg__noise-0.01__seed-46.json	/teamspace/studios/this_studio/results/evaluations/main__homogeneous__metric-privacy__fedavg__noise-0.01__seed-46.evaluation.json	/teamspace/studios/this_studio/results/evaluations/main__homogeneous__metric-privacy__fedavg__noise-0.01__seed-46.predictions.npz	/teamspace/studios/this_studio/results/logs/main__homogeneous__metric-privacy__fedavg__noise-0.01__seed-46.log	trained-evaluated-model-deleted
main__homogeneous__global-dp__fedyogi__noise-0.01__seed-46	PASS	0	121	0.9578125	0.40886710742051946	0.9640326024106922	0.9687082568941205	0.9915052984001156	/teamspace/studios/this_studio/results/runs/main__homogeneous__global-dp__fedyogi__noise-0.01__seed-46.json	/teamspace/studios/this_studio/results/evaluations/main__homogeneous__global-dp__fedyogi__noise-0.01__seed-46.evaluation.json	/teamspace/studios/this_studio/results/evaluations/main__homogeneous__global-dp__fedyogi__noise-0.01__seed-46.predictions.npz	/teamspace/studios/this_studio/results/logs/main__homogeneous__global-dp__fedyogi__noise-0.01__seed-46.log	trained-evaluated-model-deleted
main__homogeneous__metric-privacy__fedavgm__noise-0.01__seed-46	PASS	0	139	0.8046875	0.4932068571448326	0.8129564698662818	0.8459308560416983	0.9526717791160086	/teamspace/studios/this_studio/results/runs/main__homogeneous__metric-privacy__fedavgm__noise-0.01__seed-46.json	/teamspace/studios/this_studio/results/evaluations/main__homogeneous__metric-privacy__fedavgm__noise-0.01__seed-46.evaluation.json	/teamspace/studios/this_studio/results/evaluations/main__homogeneous__metric-privacy__fedavgm__noise-0.01__seed-46.predictions.npz	/teamspace/studios/this_studio/results/logs/main__homogeneous__metric-privacy__fedavgm__noise-0.01__seed-46.log	trained-evaluated-model-deleted
main__homogeneous__metric-privacy__fedmedian__noise-0.01__seed-46	PASS	0	154	0.953125	0.20090500907972456	0.9280491695625321	0.9127250826956723	0.9897334739563759	/teamspace/studios/this_studio/results/runs/main__homogeneous__metric-privacy__fedmedian__noise-0.01__seed-46.json	/teamspace/studios/this_studio/results/evaluations/main__homogeneous__metric-privacy__fedmedian__noise-0.01__seed-46.evaluation.json	/teamspace/studios/this_studio/results/evaluations/main__homogeneous__metric-privacy__fedmedian__noise-0.01__seed-46.predictions.npz	/teamspace/studios/this_studio/results/logs/main__homogeneous__metric-privacy__fedmedian__noise-0.01__seed-46.log	trained-evaluated-model-deleted
main__homogeneous__metric-privacy__fedopt__noise-0.01__seed-46	FAIL	1	69						/teamspace/studios/this_studio/results/runs/main__homogeneous__metric-privacy__fedopt__noise-0.01__seed-46.json	/teamspace/studios/this_studio/results/evaluations/main__homogeneous__metric-privacy__fedopt__noise-0.01__seed-46.evaluation.json	/teamspace/studios/this_studio/results/evaluations/main__homogeneous__metric-privacy__fedopt__noise-0.01__seed-46.predictions.npz	/teamspace/studios/this_studio/results/logs/main__homogeneous__metric-privacy__fedopt__noise-0.01__seed-46.log	training-failed
main__homogeneous__metric-privacy__fedprox__noise-0.01__seed-46	PASS	0	123	0.4953125	3.0127721309661863	0.16562173458725182	0.123828125	0.646319860299464	/teamspace/studios/this_studio/results/runs/main__homogeneous__metric-privacy__fedprox__noise-0.01__seed-46.json	/teamspace/studios/this_studio/results/evaluations/main__homogeneous__metric-privacy__fedprox__noise-0.01__seed-46.evaluation.json	/teamspace/studios/this_studio/results/evaluations/main__homogeneous__metric-privacy__fedprox__noise-0.01__seed-46.predictions.npz	/teamspace/studios/this_studio/results/logs/main__homogeneous__metric-privacy__fedprox__noise-0.01__seed-46.log	trained-evaluated-model-deleted
main__homogeneous__metric-privacy__fedyogi__noise-0.01__seed-46	PASS	0	117	0.9375	0.6053264066227712	0.9509542197370895	0.9663183440123094	0.9880936601062882	/teamspace/studios/this_studio/results/runs/main__homogeneous__metric-privacy__fedyogi__noise-0.01__seed-46.json	/teamspace/studios/this_studio/results/evaluations/main__homogeneous__metric-privacy__fedyogi__noise-0.01__seed-46.evaluation.json	/teamspace/studios/this_studio/results/evaluations/main__homogeneous__metric-privacy__fedyogi__noise-0.01__seed-46.predictions.npz	/teamspace/studios/this_studio/results/logs/main__homogeneous__metric-privacy__fedyogi__noise-0.01__seed-46.log	trained-evaluated-model-deleted
main__non-iid__vanilla__fedavg__noise-0.01__seed-42	PASS	0	119	0.9671875	0.28209288058278614	0.9683982551343941	0.9771259726560358	0.9916554171547829	/teamspace/studios/this_studio/results/runs/main__non-iid__vanilla__fedavg__noise-0.01__seed-42.json	/teamspace/studios/this_studio/results/evaluations/main__non-iid__vanilla__fedavg__noise-0.01__seed-42.evaluation.json	/teamspace/studios/this_studio/results/evaluations/main__non-iid__vanilla__fedavg__noise-0.01__seed-42.predictions.npz	/teamspace/studios/this_studio/results/logs/main__non-iid__vanilla__fedavg__noise-0.01__seed-42.log	trained-evaluated-model-deleted
main__non-iid__vanilla__fedavgm__noise-0.01__seed-42	PASS	0	119	0.9375	0.26621742686256766	0.9034484254978166	0.9438026517742052	0.9850564965739451	/teamspace/studios/this_studio/results/runs/main__non-iid__vanilla__fedavgm__noise-0.01__seed-42.json	/teamspace/studios/this_studio/results/evaluations/main__non-iid__vanilla__fedavgm__noise-0.01__seed-42.evaluation.json	/teamspace/studios/this_studio/results/evaluations/main__non-iid__vanilla__fedavgm__noise-0.01__seed-42.predictions.npz	/teamspace/studios/this_studio/results/logs/main__non-iid__vanilla__fedavgm__noise-0.01__seed-42.log	trained-evaluated-model-deleted
main__non-iid__vanilla__fedmedian__noise-0.01__seed-42	PASS	0	122	0.9640625	0.2167035758087877	0.9645983526224509	0.9661570908582915	0.9923328764013435	/teamspace/studios/this_studio/results/runs/main__non-iid__vanilla__fedmedian__noise-0.01__seed-42.json	/teamspace/studios/this_studio/results/evaluations/main__non-iid__vanilla__fedmedian__noise-0.01__seed-42.evaluation.json	/teamspace/studios/this_studio/results/evaluations/main__non-iid__vanilla__fedmedian__noise-0.01__seed-42.predictions.npz	/teamspace/studios/this_studio/results/logs/main__non-iid__vanilla__fedmedian__noise-0.01__seed-42.log	trained-evaluated-model-deleted
main__non-iid__vanilla__fedprox__noise-0.01__seed-42	PASS	0	123	0.5453125	0.9286645263433456	0.2850552539236396	0.26438014380143804	0.7302288535338339	/teamspace/studios/this_studio/results/runs/main__non-iid__vanilla__fedprox__noise-0.01__seed-42.json	/teamspace/studios/this_studio/results/evaluations/main__non-iid__vanilla__fedprox__noise-0.01__seed-42.evaluation.json	/teamspace/studios/this_studio/results/evaluations/main__non-iid__vanilla__fedprox__noise-0.01__seed-42.predictions.npz	/teamspace/studios/this_studio/results/logs/main__non-iid__vanilla__fedprox__noise-0.01__seed-42.log	trained-evaluated-model-deleted
main__non-iid__vanilla__fedopt__noise-0.01__seed-42	PASS	0	124	0.4953125	1.104142701625824	0.16562173458725182	0.123828125	0.5	/teamspace/studios/this_studio/results/runs/main__non-iid__vanilla__fedopt__noise-0.01__seed-42.json	/teamspace/studios/this_studio/results/evaluations/main__non-iid__vanilla__fedopt__noise-0.01__seed-42.evaluation.json	/teamspace/studios/this_studio/results/evaluations/main__non-iid__vanilla__fedopt__noise-0.01__seed-42.predictions.npz	/teamspace/studios/this_studio/results/logs/main__non-iid__vanilla__fedopt__noise-0.01__seed-42.log	trained-evaluated-model-deleted
main__non-iid__vanilla__fedyogi__noise-0.01__seed-42	PASS	0	149	0.95	0.526268685310788	0.9333394249638965	0.9680755577507423	0.9882794324805465	/teamspace/studios/this_studio/results/runs/main__non-iid__vanilla__fedyogi__noise-0.01__seed-42.json	/teamspace/studios/this_studio/results/evaluations/main__non-iid__vanilla__fedyogi__noise-0.01__seed-42.evaluation.json	/teamspace/studios/this_studio/results/evaluations/main__non-iid__vanilla__fedyogi__noise-0.01__seed-42.predictions.npz	/teamspace/studios/this_studio/results/logs/main__non-iid__vanilla__fedyogi__noise-0.01__seed-42.log	trained-evaluated-model-deleted
main__non-iid__global-dp__fedavg__noise-0.01__seed-42	PASS	0	151	0.95	0.24551417510956525	0.955808354863839	0.9633995121520347	0.9896590525608022	/teamspace/studios/this_studio/results/runs/main__non-iid__global-dp__fedavg__noise-0.01__seed-42.json	/teamspace/studios/this_studio/results/evaluations/main__non-iid__global-dp__fedavg__noise-0.01__seed-42.evaluation.json	/teamspace/studios/this_studio/results/evaluations/main__non-iid__global-dp__fedavg__noise-0.01__seed-42.predictions.npz	/teamspace/studios/this_studio/results/logs/main__non-iid__global-dp__fedavg__noise-0.01__seed-42.log	trained-evaluated-model-deleted
main__non-iid__global-dp__fedavgm__noise-0.01__seed-42	PASS	0	128	0.746875	0.594262233376503	0.5374594124152038	0.5467031513153424	0.9207000408259435	/teamspace/studios/this_studio/results/runs/main__non-iid__global-dp__fedavgm__noise-0.01__seed-42.json	/teamspace/studios/this_studio/results/evaluations/main__non-iid__global-dp__fedavgm__noise-0.01__seed-42.evaluation.json	/teamspace/studios/this_studio/results/evaluations/main__non-iid__global-dp__fedavgm__noise-0.01__seed-42.predictions.npz	/teamspace/studios/this_studio/results/logs/main__non-iid__global-dp__fedavgm__noise-0.01__seed-42.log	trained-evaluated-model-deleted
main__non-iid__global-dp__fedmedian__noise-0.01__seed-42	PASS	0	126	0.9453125	0.26192952767014505	0.9324506026332027	0.9489652696174435	0.989049183723471	/teamspace/studios/this_studio/results/runs/main__non-iid__global-dp__fedmedian__noise-0.01__seed-42.json	/teamspace/studios/this_studio/results/evaluations/main__non-iid__global-dp__fedmedian__noise-0.01__seed-42.evaluation.json	/teamspace/studios/this_studio/results/evaluations/main__non-iid__global-dp__fedmedian__noise-0.01__seed-42.predictions.npz	/teamspace/studios/this_studio/results/logs/main__non-iid__global-dp__fedmedian__noise-0.01__seed-42.log	trained-evaluated-model-deleted
main__non-iid__global-dp__fedprox__noise-0.01__seed-42	PASS	0	135	0.56875	0.9278836131095887	0.35010676502132665	0.3924917402858579	0.7553951574294515	/teamspace/studios/this_studio/results/runs/main__non-iid__global-dp__fedprox__noise-0.01__seed-42.json	/teamspace/studios/this_studio/results/evaluations/main__non-iid__global-dp__fedprox__noise-0.01__seed-42.evaluation.json	/teamspace/studios/this_studio/results/evaluations/main__non-iid__global-dp__fedprox__noise-0.01__seed-42.predictions.npz	/teamspace/studios/this_studio/results/logs/main__non-iid__global-dp__fedprox__noise-0.01__seed-42.log	trained-evaluated-model-deleted
main__non-iid__global-dp__fedopt__noise-0.01__seed-42	PASS	0	140	0.359375	4.815858989953995	0.13218390804597702	0.08984375	0.5249810400091682	/teamspace/studios/this_studio/results/runs/main__non-iid__global-dp__fedopt__noise-0.01__seed-42.json	/teamspace/studios/this_studio/results/evaluations/main__non-iid__global-dp__fedopt__noise-0.01__seed-42.evaluation.json	/teamspace/studios/this_studio/results/evaluations/main__non-iid__global-dp__fedopt__noise-0.01__seed-42.predictions.npz	/teamspace/studios/this_studio/results/logs/main__non-iid__global-dp__fedopt__noise-0.01__seed-42.log	trained-evaluated-model-deleted
main__non-iid__global-dp__fedyogi__noise-0.01__seed-42	PASS	0	132	0.94375	0.4349717806035187	0.7006806518702281	0.6998986957642181	0.990448056043675	/teamspace/studios/this_studio/results/runs/main__non-iid__global-dp__fedyogi__noise-0.01__seed-42.json	/teamspace/studios/this_studio/results/evaluations/main__non-iid__global-dp__fedyogi__noise-0.01__seed-42.evaluation.json	/teamspace/studios/this_studio/results/evaluations/main__non-iid__global-dp__fedyogi__noise-0.01__seed-42.predictions.npz	/teamspace/studios/this_studio/results/logs/main__non-iid__global-dp__fedyogi__noise-0.01__seed-42.log	trained-evaluated-model-deleted
main__non-iid__metric-privacy__fedavg__noise-0.01__seed-42	PASS	0	122	0.9625	0.236427903175354	0.965235848299549	0.9669374834325761	0.9886299504868457	/teamspace/studios/this_studio/results/runs/main__non-iid__metric-privacy__fedavg__noise-0.01__seed-42.json	/teamspace/studios/this_studio/results/evaluations/main__non-iid__metric-privacy__fedavg__noise-0.01__seed-42.evaluation.json	/teamspace/studios/this_studio/results/evaluations/main__non-iid__metric-privacy__fedavg__noise-0.01__seed-42.predictions.npz	/teamspace/studios/this_studio/results/logs/main__non-iid__metric-privacy__fedavg__noise-0.01__seed-42.log	trained-evaluated-model-deleted
main__non-iid__metric-privacy__fedavgm__noise-0.01__seed-42	PASS	0	128	0.7875	0.536377240717411	0.5680381364133591	0.5774906759361127	0.939379240661667	/teamspace/studios/this_studio/results/runs/main__non-iid__metric-privacy__fedavgm__noise-0.01__seed-42.json	/teamspace/studios/this_studio/results/evaluations/main__non-iid__metric-privacy__fedavgm__noise-0.01__seed-42.evaluation.json	/teamspace/studios/this_studio/results/evaluations/main__non-iid__metric-privacy__fedavgm__noise-0.01__seed-42.predictions.npz	/teamspace/studios/this_studio/results/logs/main__non-iid__metric-privacy__fedavgm__noise-0.01__seed-42.log	trained-evaluated-model-deleted
main__non-iid__metric-privacy__fedmedian__noise-0.01__seed-42	PASS	0	131	0.95	0.2712787797674537	0.9381989857692548	0.9580344186195673	0.9864395470807296	/teamspace/studios/this_studio/results/runs/main__non-iid__metric-privacy__fedmedian__noise-0.01__seed-42.json	/teamspace/studios/this_studio/results/evaluations/main__non-iid__metric-privacy__fedmedian__noise-0.01__seed-42.evaluation.json	/teamspace/studios/this_studio/results/evaluations/main__non-iid__metric-privacy__fedmedian__noise-0.01__seed-42.predictions.npz	/teamspace/studios/this_studio/results/logs/main__non-iid__metric-privacy__fedmedian__noise-0.01__seed-42.log	trained-evaluated-model-deleted
main__non-iid__metric-privacy__fedopt__noise-0.01__seed-42	FAIL	1	59						/teamspace/studios/this_studio/results/runs/main__non-iid__metric-privacy__fedopt__noise-0.01__seed-42.json	/teamspace/studios/this_studio/results/evaluations/main__non-iid__metric-privacy__fedopt__noise-0.01__seed-42.evaluation.json	/teamspace/studios/this_studio/results/evaluations/main__non-iid__metric-privacy__fedopt__noise-0.01__seed-42.predictions.npz	/teamspace/studios/this_studio/results/logs/main__non-iid__metric-privacy__fedopt__noise-0.01__seed-42.log	training-failed
main__non-iid__metric-privacy__fedprox__noise-0.01__seed-42	PASS	0	133	0.4953125	7.895855259895325	0.18974656779534826	0.33376918416801293	0.4843231289412313	/teamspace/studios/this_studio/results/runs/main__non-iid__metric-privacy__fedprox__noise-0.01__seed-42.json	/teamspace/studios/this_studio/results/evaluations/main__non-iid__metric-privacy__fedprox__noise-0.01__seed-42.evaluation.json	/teamspace/studios/this_studio/results/evaluations/main__non-iid__metric-privacy__fedprox__noise-0.01__seed-42.predictions.npz	/teamspace/studios/this_studio/results/logs/main__non-iid__metric-privacy__fedprox__noise-0.01__seed-42.log	trained-evaluated-model-deleted
main__non-iid__metric-privacy__fedyogi__noise-0.01__seed-42	PASS	0	132	0.9546875	0.6104968169423046	0.9248096981708107	0.9064419171650939	0.9882940697354269	/teamspace/studios/this_studio/results/runs/main__non-iid__metric-privacy__fedyogi__noise-0.01__seed-42.json	/teamspace/studios/this_studio/results/evaluations/main__non-iid__metric-privacy__fedyogi__noise-0.01__seed-42.evaluation.json	/teamspace/studios/this_studio/results/evaluations/main__non-iid__metric-privacy__fedyogi__noise-0.01__seed-42.predictions.npz	/teamspace/studios/this_studio/results/logs/main__non-iid__metric-privacy__fedyogi__noise-0.01__seed-42.log	trained-evaluated-model-deleted
appendix-b__homogeneous__global-dp__fedavg__noise-0.003__seed-42	PASS	0	109	0.95	0.2636281423270702	0.9533476956720386	0.9594361707133445	0.9885035598510519	/teamspace/studios/this_studio/results/runs/appendix-b__homogeneous__global-dp__fedavg__noise-0.003__seed-42.json	/teamspace/studios/this_studio/results/evaluations/appendix-b__homogeneous__global-dp__fedavg__noise-0.003__seed-42.evaluation.json	/teamspace/studios/this_studio/results/evaluations/appendix-b__homogeneous__global-dp__fedavg__noise-0.003__seed-42.predictions.npz	/teamspace/studios/this_studio/results/logs/appendix-b__homogeneous__global-dp__fedavg__noise-0.003__seed-42.log	trained-evaluated-model-deleted
appendix-b__homogeneous__global-dp__fedavgm__noise-0.003__seed-42	PASS	0	129	0.76875	0.540431122481823	0.5500009825383289	0.5476294013701778	0.9354849305478233	/teamspace/studios/this_studio/results/runs/appendix-b__homogeneous__global-dp__fedavgm__noise-0.003__seed-42.json	/teamspace/studios/this_studio/results/evaluations/appendix-b__homogeneous__global-dp__fedavgm__noise-0.003__seed-42.evaluation.json	/teamspace/studios/this_studio/results/evaluations/appendix-b__homogeneous__global-dp__fedavgm__noise-0.003__seed-42.predictions.npz	/teamspace/studios/this_studio/results/logs/appendix-b__homogeneous__global-dp__fedavgm__noise-0.003__seed-42.log	trained-evaluated-model-deleted
appendix-b__homogeneous__global-dp__fedmedian__noise-0.003__seed-42	PASS	0	129	0.940625	0.2421787677332759	0.9316905790923078	0.9228260272467589	0.9887668373005036	/teamspace/studios/this_studio/results/runs/appendix-b__homogeneous__global-dp__fedmedian__noise-0.003__seed-42.json	/teamspace/studios/this_studio/results/evaluations/appendix-b__homogeneous__global-dp__fedmedian__noise-0.003__seed-42.evaluation.json	/teamspace/studios/this_studio/results/evaluations/appendix-b__homogeneous__global-dp__fedmedian__noise-0.003__seed-42.predictions.npz	/teamspace/studios/this_studio/results/logs/appendix-b__homogeneous__global-dp__fedmedian__noise-0.003__seed-42.log	trained-evaluated-model-deleted
appendix-b__homogeneous__global-dp__fedprox__noise-0.003__seed-42	PASS	0	120	0.553125	0.9171089053153991	0.29243196447369174	0.27223444374607164	0.7257096214344619	/teamspace/studios/this_studio/results/runs/appendix-b__homogeneous__global-dp__fedprox__noise-0.003__seed-42.json	/teamspace/studios/this_studio/results/evaluations/appendix-b__homogeneous__global-dp__fedprox__noise-0.003__seed-42.evaluation.json	/teamspace/studios/this_studio/results/evaluations/appendix-b__homogeneous__global-dp__fedprox__noise-0.003__seed-42.predictions.npz	/teamspace/studios/this_studio/results/logs/appendix-b__homogeneous__global-dp__fedprox__noise-0.003__seed-42.log	trained-evaluated-model-deleted
appendix-b__homogeneous__global-dp__fedopt__noise-0.003__seed-42	PASS	0	126	0.4953125	44.07766399383545	0.16562173458725182	0.123828125	0.5	/teamspace/studios/this_studio/results/runs/appendix-b__homogeneous__global-dp__fedopt__noise-0.003__seed-42.json	/teamspace/studios/this_studio/results/evaluations/appendix-b__homogeneous__global-dp__fedopt__noise-0.003__seed-42.evaluation.json	/teamspace/studios/this_studio/results/evaluations/appendix-b__homogeneous__global-dp__fedopt__noise-0.003__seed-42.predictions.npz	/teamspace/studios/this_studio/results/logs/appendix-b__homogeneous__global-dp__fedopt__noise-0.003__seed-42.log	trained-evaluated-model-deleted
appendix-b__homogeneous__global-dp__fedyogi__noise-0.003__seed-42	PASS	0	122	0.9484375	0.577300332500181	0.9179117056124765	0.9243063016489146	0.9845371329934806	/teamspace/studios/this_studio/results/runs/appendix-b__homogeneous__global-dp__fedyogi__noise-0.003__seed-42.json	/teamspace/studios/this_studio/results/evaluations/appendix-b__homogeneous__global-dp__fedyogi__noise-0.003__seed-42.evaluation.json	/teamspace/studios/this_studio/results/evaluations/appendix-b__homogeneous__global-dp__fedyogi__noise-0.003__seed-42.predictions.npz	/teamspace/studios/this_studio/results/logs/appendix-b__homogeneous__global-dp__fedyogi__noise-0.003__seed-42.log	trained-evaluated-model-deleted
appendix-b__homogeneous__metric-privacy__fedavg__noise-0.003__seed-42	PASS	0	113	0.94375	0.27328755110502245	0.9484572301106903	0.9515302379445822	0.9876959174434514	/teamspace/studios/this_studio/results/runs/appendix-b__homogeneous__metric-privacy__fedavg__noise-0.003__seed-42.json	/teamspace/studios/this_studio/results/evaluations/appendix-b__homogeneous__metric-privacy__fedavg__noise-0.003__seed-42.evaluation.json	/teamspace/studios/this_studio/results/evaluations/appendix-b__homogeneous__metric-privacy__fedavg__noise-0.003__seed-42.predictions.npz	/teamspace/studios/this_studio/results/logs/appendix-b__homogeneous__metric-privacy__fedavg__noise-0.003__seed-42.log	trained-evaluated-model-deleted
appendix-b__homogeneous__metric-privacy__fedavgm__noise-0.003__seed-42	PASS	0	122	0.7671875	0.5331369996070862	0.5515422819391153	0.5514758012386096	0.9356642022988368	/teamspace/studios/this_studio/results/runs/appendix-b__homogeneous__metric-privacy__fedavgm__noise-0.003__seed-42.json	/teamspace/studios/this_studio/results/evaluations/appendix-b__homogeneous__metric-privacy__fedavgm__noise-0.003__seed-42.evaluation.json	/teamspace/studios/this_studio/results/evaluations/appendix-b__homogeneous__metric-privacy__fedavgm__noise-0.003__seed-42.predictions.npz	/teamspace/studios/this_studio/results/logs/appendix-b__homogeneous__metric-privacy__fedavgm__noise-0.003__seed-42.log	trained-evaluated-model-deleted
appendix-b__homogeneous__metric-privacy__fedmedian__noise-0.003__seed-42	PASS	0	123	0.9453125	0.2465126972645521	0.9479497128076382	0.9488780581962071	0.9889578967711983	/teamspace/studios/this_studio/results/runs/appendix-b__homogeneous__metric-privacy__fedmedian__noise-0.003__seed-42.json	/teamspace/studios/this_studio/results/evaluations/appendix-b__homogeneous__metric-privacy__fedmedian__noise-0.003__seed-42.evaluation.json	/teamspace/studios/this_studio/results/evaluations/appendix-b__homogeneous__metric-privacy__fedmedian__noise-0.003__seed-42.predictions.npz	/teamspace/studios/this_studio/results/logs/appendix-b__homogeneous__metric-privacy__fedmedian__noise-0.003__seed-42.log	trained-evaluated-model-deleted
appendix-b__homogeneous__metric-privacy__fedopt__noise-0.003__seed-42	FAIL	1	74						/teamspace/studios/this_studio/results/runs/appendix-b__homogeneous__metric-privacy__fedopt__noise-0.003__seed-42.json	/teamspace/studios/this_studio/results/evaluations/appendix-b__homogeneous__metric-privacy__fedopt__noise-0.003__seed-42.evaluation.json	/teamspace/studios/this_studio/results/evaluations/appendix-b__homogeneous__metric-privacy__fedopt__noise-0.003__seed-42.predictions.npz	/teamspace/studios/this_studio/results/logs/appendix-b__homogeneous__metric-privacy__fedopt__noise-0.003__seed-42.log	training-failed
appendix-b__homogeneous__metric-privacy__fedprox__noise-0.003__seed-42	PASS	0	122	0.5671875	0.8791828274726867	0.32160936902448917	0.5302565270338504	0.7558865339514844	/teamspace/studios/this_studio/results/runs/appendix-b__homogeneous__metric-privacy__fedprox__noise-0.003__seed-42.json	/teamspace/studios/this_studio/results/evaluations/appendix-b__homogeneous__metric-privacy__fedprox__noise-0.003__seed-42.evaluation.json	/teamspace/studios/this_studio/results/evaluations/appendix-b__homogeneous__metric-privacy__fedprox__noise-0.003__seed-42.predictions.npz	/teamspace/studios/this_studio/results/logs/appendix-b__homogeneous__metric-privacy__fedprox__noise-0.003__seed-42.log	trained-evaluated-model-deleted
appendix-b__homogeneous__metric-privacy__fedyogi__noise-0.003__seed-42	PASS	0	141	0.9609375	0.3940232211432885	0.949231615288259	0.9425874586338262	0.9905923718764251	/teamspace/studios/this_studio/results/runs/appendix-b__homogeneous__metric-privacy__fedyogi__noise-0.003__seed-42.json	/teamspace/studios/this_studio/results/evaluations/appendix-b__homogeneous__metric-privacy__fedyogi__noise-0.003__seed-42.evaluation.json	/teamspace/studios/this_studio/results/evaluations/appendix-b__homogeneous__metric-privacy__fedyogi__noise-0.003__seed-42.predictions.npz	/teamspace/studios/this_studio/results/logs/appendix-b__homogeneous__metric-privacy__fedyogi__noise-0.003__seed-42.log	trained-evaluated-model-deleted
appendix-b__homogeneous__global-dp__fedavg__noise-0.05__seed-42	PASS	0	136	0.4953125	1.047457566857338	0.16562173458725182	0.123828125	0.5	/teamspace/studios/this_studio/results/runs/appendix-b__homogeneous__global-dp__fedavg__noise-0.05__seed-42.json	/teamspace/studios/this_studio/results/evaluations/appendix-b__homogeneous__global-dp__fedavg__noise-0.05__seed-42.evaluation.json	/teamspace/studios/this_studio/results/evaluations/appendix-b__homogeneous__global-dp__fedavg__noise-0.05__seed-42.predictions.npz	/teamspace/studios/this_studio/results/logs/appendix-b__homogeneous__global-dp__fedavg__noise-0.05__seed-42.log	trained-evaluated-model-deleted
appendix-b__homogeneous__global-dp__fedavg__noise-0.1__seed-42	PASS	0	105	0.4953125	1.3045972794294358	0.16562173458725182	0.123828125	0.49949262895792923	/teamspace/studios/this_studio/results/runs/appendix-b__homogeneous__global-dp__fedavg__noise-0.1__seed-42.json	/teamspace/studios/this_studio/results/evaluations/appendix-b__homogeneous__global-dp__fedavg__noise-0.1__seed-42.evaluation.json	/teamspace/studios/this_studio/results/evaluations/appendix-b__homogeneous__global-dp__fedavg__noise-0.1__seed-42.predictions.npz	/teamspace/studios/this_studio/results/logs/appendix-b__homogeneous__global-dp__fedavg__noise-0.1__seed-42.log	trained-evaluated-model-deleted
main__homogeneous__metric-privacy__fedopt__noise-0.01__seed-43	FAIL	1	68						/teamspace/studios/this_studio/results/runs/main__homogeneous__metric-privacy__fedopt__noise-0.01__seed-43.json	/teamspace/studios/this_studio/results/evaluations/main__homogeneous__metric-privacy__fedopt__noise-0.01__seed-43.evaluation.json	/teamspace/studios/this_studio/results/evaluations/main__homogeneous__metric-privacy__fedopt__noise-0.01__seed-43.predictions.npz	/teamspace/studios/this_studio/results/logs/main__homogeneous__metric-privacy__fedopt__noise-0.01__seed-43.log	training-failed
main__homogeneous__metric-privacy__fedopt__noise-0.01__seed-42	FAIL	1	124						/teamspace/studios/this_studio/results/runs/main__homogeneous__metric-privacy__fedopt__noise-0.01__seed-42.json	/teamspace/studios/this_studio/results/evaluations/main__homogeneous__metric-privacy__fedopt__noise-0.01__seed-42.evaluation.json	/teamspace/studios/this_studio/results/evaluations/main__homogeneous__metric-privacy__fedopt__noise-0.01__seed-42.predictions.npz	/teamspace/studios/this_studio/results/logs/main__homogeneous__metric-privacy__fedopt__noise-0.01__seed-42.log	training-failed
main__homogeneous__metric-privacy__fedopt__noise-0.01__seed-44	FAIL	1	101						/teamspace/studios/this_studio/results/runs/main__homogeneous__metric-privacy__fedopt__noise-0.01__seed-44.json	/teamspace/studios/this_studio/results/evaluations/main__homogeneous__metric-privacy__fedopt__noise-0.01__seed-44.evaluation.json	/teamspace/studios/this_studio/results/evaluations/main__homogeneous__metric-privacy__fedopt__noise-0.01__seed-44.predictions.npz	/teamspace/studios/this_studio/results/logs/main__homogeneous__metric-privacy__fedopt__noise-0.01__seed-44.log	training-failed
main__homogeneous__metric-privacy__fedopt__noise-0.01__seed-45	FAIL	1	88						/teamspace/studios/this_studio/results/runs/main__homogeneous__metric-privacy__fedopt__noise-0.01__seed-45.json	/teamspace/studios/this_studio/results/evaluations/main__homogeneous__metric-privacy__fedopt__noise-0.01__seed-45.evaluation.json	/teamspace/studios/this_studio/results/evaluations/main__homogeneous__metric-privacy__fedopt__noise-0.01__seed-45.predictions.npz	/teamspace/studios/this_studio/results/logs/main__homogeneous__metric-privacy__fedopt__noise-0.01__seed-45.log	training-failed
main__homogeneous__metric-privacy__fedopt__noise-0.01__seed-46	FAIL	1	68						/teamspace/studios/this_studio/results/runs/main__homogeneous__metric-privacy__fedopt__noise-0.01__seed-46.json	/teamspace/studios/this_studio/results/evaluations/main__homogeneous__metric-privacy__fedopt__noise-0.01__seed-46.evaluation.json	/teamspace/studios/this_studio/results/evaluations/main__homogeneous__metric-privacy__fedopt__noise-0.01__seed-46.predictions.npz	/teamspace/studios/this_studio/results/logs/main__homogeneous__metric-privacy__fedopt__noise-0.01__seed-46.log	training-failed
appendix-b__homogeneous__metric-privacy__fedopt__noise-0.003__seed-42	FAIL	1	85						/teamspace/studios/this_studio/results/runs/appendix-b__homogeneous__metric-privacy__fedopt__noise-0.003__seed-42.json	/teamspace/studios/this_studio/results/evaluations/appendix-b__homogeneous__metric-privacy__fedopt__noise-0.003__seed-42.evaluation.json	/teamspace/studios/this_studio/results/evaluations/appendix-b__homogeneous__metric-privacy__fedopt__noise-0.003__seed-42.predictions.npz	/teamspace/studios/this_studio/results/logs/appendix-b__homogeneous__metric-privacy__fedopt__noise-0.003__seed-42.log	training-failed
main__non-iid__metric-privacy__fedopt__noise-0.01__seed-42	PASS	0	150	0.4953125	44.07766399383545	0.16562173458725182	0.123828125	0.5	/teamspace/studios/this_studio/results/runs/main__non-iid__metric-privacy__fedopt__noise-0.01__seed-42.json	/teamspace/studios/this_studio/results/evaluations/main__non-iid__metric-privacy__fedopt__noise-0.01__seed-42.evaluation.json	/teamspace/studios/this_studio/results/evaluations/main__non-iid__metric-privacy__fedopt__noise-0.01__seed-42.predictions.npz	/teamspace/studios/this_studio/results/logs/main__non-iid__metric-privacy__fedopt__noise-0.01__seed-42.log	trained-evaluated-model-deleted
main__homogeneous__metric-privacy__fedopt__noise-0.01__seed-43	FAIL	1	64						/teamspace/studios/this_studio/results/runs/main__homogeneous__metric-privacy__fedopt__noise-0.01__seed-43.json	/teamspace/studios/this_studio/results/evaluations/main__homogeneous__metric-privacy__fedopt__noise-0.01__seed-43.evaluation.json	/teamspace/studios/this_studio/results/evaluations/main__homogeneous__metric-privacy__fedopt__noise-0.01__seed-43.predictions.npz	/teamspace/studios/this_studio/results/logs/main__homogeneous__metric-privacy__fedopt__noise-0.01__seed-43.log	training-failed
main__homogeneous__metric-privacy__fedopt__noise-0.01__seed-42	FAIL	1	112						/teamspace/studios/this_studio/results/runs/main__homogeneous__metric-privacy__fedopt__noise-0.01__seed-42.json	/teamspace/studios/this_studio/results/evaluations/main__homogeneous__metric-privacy__fedopt__noise-0.01__seed-42.evaluation.json	/teamspace/studios/this_studio/results/evaluations/main__homogeneous__metric-privacy__fedopt__noise-0.01__seed-42.predictions.npz	/teamspace/studios/this_studio/results/logs/main__homogeneous__metric-privacy__fedopt__noise-0.01__seed-42.log	training-failed
main__homogeneous__metric-privacy__fedopt__noise-0.01__seed-44	FAIL	1	67						/teamspace/studios/this_studio/results/runs/main__homogeneous__metric-privacy__fedopt__noise-0.01__seed-44.json	/teamspace/studios/this_studio/results/evaluations/main__homogeneous__metric-privacy__fedopt__noise-0.01__seed-44.evaluation.json	/teamspace/studios/this_studio/results/evaluations/main__homogeneous__metric-privacy__fedopt__noise-0.01__seed-44.predictions.npz	/teamspace/studios/this_studio/results/logs/main__homogeneous__metric-privacy__fedopt__noise-0.01__seed-44.log	training-failed
main__homogeneous__metric-privacy__fedopt__noise-0.01__seed-45	FAIL	1	61						/teamspace/studios/this_studio/results/runs/main__homogeneous__metric-privacy__fedopt__noise-0.01__seed-45.json	/teamspace/studios/this_studio/results/evaluations/main__homogeneous__metric-privacy__fedopt__noise-0.01__seed-45.evaluation.json	/teamspace/studios/this_studio/results/evaluations/main__homogeneous__metric-privacy__fedopt__noise-0.01__seed-45.predictions.npz	/teamspace/studios/this_studio/results/logs/main__homogeneous__metric-privacy__fedopt__noise-0.01__seed-45.log	training-failed
main__homogeneous__metric-privacy__fedopt__noise-0.01__seed-46	FAIL	1	58						/teamspace/studios/this_studio/results/runs/main__homogeneous__metric-privacy__fedopt__noise-0.01__seed-46.json	/teamspace/studios/this_studio/results/evaluations/main__homogeneous__metric-privacy__fedopt__noise-0.01__seed-46.evaluation.json	/teamspace/studios/this_studio/results/evaluations/main__homogeneous__metric-privacy__fedopt__noise-0.01__seed-46.predictions.npz	/teamspace/studios/this_studio/results/logs/main__homogeneous__metric-privacy__fedopt__noise-0.01__seed-46.log	training-failed
appendix-b__homogeneous__metric-privacy__fedopt__noise-0.003__seed-42	FAIL	1	55						/teamspace/studios/this_studio/results/runs/appendix-b__homogeneous__metric-privacy__fedopt__noise-0.003__seed-42.json	/teamspace/studios/this_studio/results/evaluations/appendix-b__homogeneous__metric-privacy__fedopt__noise-0.003__seed-42.evaluation.json	/teamspace/studios/this_studio/results/evaluations/appendix-b__homogeneous__metric-privacy__fedopt__noise-0.003__seed-42.predictions.npz	/teamspace/studios/this_studio/results/logs/appendix-b__homogeneous__metric-privacy__fedopt__noise-0.003__seed-42.log	training-failed
